id,title,grade,black_box,condition,conservative_eur,good_condition_eur,pricecharting_eur,sales_n,window,date_from,date_to,median_eur,trimmed_mean_eur,p25_eur,p70_eur,min_eur,max_eur,excluded_sales,outliers_dropped,pal_a_sales,pal_b_sales,pal_unknown_sales,pal_a_median,pal_b_median,tracker_asks_n,tracker_ask_min_eur,tracker_ask_median_eur,confidence,basis,evidence
castlevania-iii-dracula-s-curse,Castlevania III: Dracula's Curse,very good,,CIB,347,708,447,8,12m,2025-11-09,2026-08-16,347,383,225,440,156,839,0,0,0,2,6,,,0,,,ok,median & P70 of 8 sales (12m); very good condition: P85 of the same sales (capped at the highest sale),2026-08-16 €447 https://www.ebay.com/itm/237008551371; 2026-04-23 €722 PAL-B https://www.ebay.com/itm/396960902230; 2026-03-28 €315 PAL-B https://www.ebay.com/itm/137153860085; 2026-03-20 €839 https://www.ebay.com/itm/157749179522; 2026-03-14 €156 https://www.ebay.com/itm/198162761525; 2026-02-16 €378 https://www.ebay.com/itm/226772232374; 2025-12-28 €230 https://www.ebay.com/itm/197966958055; 2025-11-09 €208 https://www.ebay.com/itm/197824324766
mega-man,Mega Man,,,CIB,414,573,324,6,12m,2026-03-10,2026-04-29,414,430,269,573,152,853,2,1,0,1,5,,,1,285.49,285.49,ok,median & P70 of 6 sales (12m),2026-04-29 €152 https://www.ebay.com/itm/267647171243; 2026-04-28 €642 https://www.ebay.com/itm/197654490222; 2026-04-09 €504 https://www.ebay.com/itm/389608746152; 2026-04-07 €324 https://www.ebay.com/itm/126423581270; 2026-03-15 €251 https://www.ebay.com/itm/236683123220; 2026-03-10 €853 PAL-B https://www.ebay.com/itm/389680771210
kung-fu,Kung Fu,,yes,Sealed,357,357,295,5,36m,2024-07-16,2026-05-02,357,321,179,,168,487,9,1,0,1,4,,,0,,,thin,median of 5 sales (36m); too few for a P70 uplift,2026-05-02 €168 https://www.ebay.com/itm/287288371522; 2025-08-19 €426 https://www.ebay.com/itm/167727853922; 2025-02-05 €357 https://www.ebay.com/itm/326418547198; 2024-10-24 €179 PAL-B https://www.ebay.com/itm/286113049523; 2024-07-16 €487 https://www.ebay.com/itm/266039344454
castlevania,Castlevania,very good,,CIB,205,267,178,10,12m,2025-10-21,2026-07-20,205,193,112,261,85,270,4,0,2,2,6,,,1,89.99,89.99,good,median & P70 of 10 sales (12m); very good condition: P85 of the same sales (capped at the highest sale),2026-07-20 €154 https://www.ebay.com/itm/318587120228; 2026-06-30 €101 PAL-A https://www.ebay.com/itm/287428536627; 2026-05-20 €140 https://www.ebay.com/itm/257504663143; 2026-04-12 €103 PAL-A https://www.ebay.com/itm/358412932247; 2026-04-10 €264 https://www.ebay.com/itm/298213474481; 2026-03-27 €257 https://www.ebay.com/itm/168238362229; 2026-03-20 €270 https://www.ebay.com/itm/157749062234; 2025-12-29 €85 PAL-B https://www.ebay.com/itm/147047083413; 2025-11-09 €269 https://www.ebay.com/itm/197824305729; 2025-10-21 €260 PAL-B https://www.ebay.com/itm/397142999915
batman-return-of-the-joker,Batman: Return of the Joker,,,CIB,174,216,204,6,12m,2026-01-23,2026-07-14,174,178,138,216,133,357,0,0,1,3,2,,204,1,70.0,70.0,ok,median & P70 of 6 sales (12m),2026-07-14 €204 PAL-B https://www.ebay.com/itm/287121079388; 2026-05-12 €357 PAL-A https://www.ebay.com/itm/298309928020; 2026-03-29 €133 PAL-B https://www.ebay.com/itm/137148250947; 2026-03-10 €228 PAL-B https://www.ebay.com/itm/157634183897; 2026-03-05 €145 https://www.ebay.com/itm/257274100655; 2026-01-23 €135 https://www.ebay.com/itm/198033031539
chip-n-dale-rescue-rangers-2,Chip 'n Dale: Rescue Rangers 2,,,CIB,159,183,194,10,24m,2024-10-31,2026-01-14,159,161,124,183,61,312,1,1,1,7,2,,178,0,,,ok,median & P70 of 10 sales (24m),2026-01-14 €312 PAL-B https://www.ebay.com/itm/277647444247; 2025-11-03 €117 PAL-B https://www.ebay.com/itm/297715487319; 2025-09-07 €178 PAL-B https://www.ebay.com/itm/365806792023; 2025-05-09 €168 PAL-A https://www.ebay.com/itm/356850644572; 2025-04-29 €194 PAL-B https://www.ebay.com/itm/286514846294; 2025-02-27 €61 PAL-B https://www.ebay.com/itm/375961301504; 2025-01-06 €137 https://www.ebay.com/itm/387798593106; 2025-01-02 €222 PAL-B https://www.ebay.com/itm/335751137042; 2024-11-03 €151 PAL-B https://www.ebay.com/itm/156468498090; 2024-10-31 €120 https://www.ebay.com/itm/365189822421
mike-tyson-s-punch-out,Mike Tyson's Punch-Out!!,,,CIB,182,182,116,5,12m,2026-02-14,2026-05-26,182,166,116,,94,208,1,1,0,3,2,,116,0,,,thin,median of 5 sales (12m); too few for a P70 uplift,2026-05-26 €116 PAL-B https://www.ebay.com/itm/296793636248; 2026-05-02 €182 https://www.ebay.com/itm/127842474755; 2026-04-22 €94 PAL-B https://www.ebay.com/itm/287260352660; 2026-04-12 €200 PAL-B https://www.ebay.com/itm/206160916423; 2026-02-14 €208 https://www.ebay.com/itm/336427926983
castlevania-ii-simon-s-quest,Castlevania II: Simon's Quest,very good,,CIB,98,173,77,22,12m,2025-10-21,2026-07-05,98,104,78,126,37,209,0,2,0,7,15,,130,1,149.9,149.9,good,median & P70 of 22 sales (12m); very good condition: P85 of the same sales (capped at the highest sale),2026-07-05 €44 https://www.ebay.com/itm/198465326324; 2026-06-21 €72 https://www.ebay.com/itm/188511680241; 2026-06-07 €83 https://www.ebay.com/itm/236849088487; 2026-05-22 €37 https://www.ebay.com/itm/277990138888; 2026-03-20 €90 https://www.ebay.com/itm/157749132838; 2026-03-15 €100 PAL-B https://www.ebay.com/itm/168207944577; 2026-03-08 €148 PAL-B https://www.ebay.com/itm/188108824889; 2026-02-24 €177 https://www.ebay.com/itm/389365557271; 2026-02-18 €79 https://www.ebay.com/itm/136922354976; 2026-02-17 €179 PAL-B https://www.ebay.com/itm/277647181862; 2026-02-15 €116 https://www.ebay.com/itm/358219428537; 2026-02-13 €116 https://www.ebay.com/itm/355768261539; 2026-02-13 €78 PAL-B https://www.ebay.com/itm/205924679625; 2026-02-07 €209 https://www.ebay.com/itm/389589712857; 2025-12-28 €87 https://www.ebay.com/itm/157558602934; 2025-12-10 €95 https://www.ebay.com/itm/197092842011; 2025-11-27 €56 https://www.ebay.com/itm/257213779816; 2025-11-23 €106 PAL-B https://www.ebay.com/itm/167925892386; 2025-11-23 €48 https://www.ebay.com/itm/297765972467; 2025-11-09 €136 https://www.ebay.com/itm/197824318828; 2025-11-02 €130 PAL-B https://www.ebay.com/itm/336253938062; 2025-10-21 €208 PAL-B https://www.ebay.com/itm/397143119181
mario-bros,Mario Bros.,,yes,CIB,87,155,176,6,12m,2025-12-06,2026-04-16,87,113,71,155,64,285,7,1,0,1,5,,,0,,,ok,median & P70 of 6 sales (12m),2026-04-16 €102 https://www.ebay.com/itm/197113617407; 2026-03-18 €285 https://www.ebay.com/itm/167342163811; 2026-01-29 €71 https://www.ebay.com/itm/236595569119; 2026-01-20 €64 https://www.ebay.com/itm/287072721096; 2026-01-12 €208 PAL-B https://www.ebay.com/itm/236575269920; 2025-12-06 €71 https://www.ebay.com/itm/406445242811
probotector,Probotector,,,CIB,105,150,116,21,12m,2025-10-25,2026-09-07,105,112,66,150,36,279,1,0,4,3,14,178,125,1,75.0,75.0,good,median & P70 of 21 sales (12m),2026-09-07 €61 PAL-B https://www.ebay.com/itm/287556812062; 2026-07-24 €251 PAL-A https://www.ebay.com/itm/375931501948; 2026-06-18 €96 https://www.ebay.com/itm/236834983350; 2026-06-01 €176 https://www.ebay.com/itm/236834988512; 2026-05-16 €66 https://www.ebay.com/itm/397683152827; 2026-05-14 €120 https://www.ebay.com/itm/147310964545; 2026-05-14 €120 https://www.ebay.com/itm/147260622306; 2026-05-13 €182 https://www.ebay.com/itm/206205939258; 2026-04-22 €150 PAL-B https://www.ebay.com/itm/405108314471; 2026-04-09 €61 PAL-A https://www.ebay.com/itm/236723097245; 2026-03-28 €178 https://www.ebay.com/itm/127761947176; 2026-03-28 €67 https://www.ebay.com/itm/127776923883; 2026-03-08 €103 https://www.ebay.com/itm/117074677799; 2026-02-09 €68 https://www.ebay.com/itm/184859121738; 2026-02-01 €279 PAL-A https://www.ebay.com/itm/205449453361; 2026-01-18 €125 PAL-B https://www.ebay.com/itm/206000767266; 2025-12-28 €105 PAL-A https://www.ebay.com/itm/205884330662; 2025-11-03 €44 https://www.ebay.com/itm/146923472716; 2025-11-01 €36 https://www.ebay.com/itm/197802190351; 2025-10-26 €175 https://www.ebay.com/itm/197786130763; 2025-10-25 €64 https://www.ebay.com/itm/146897583957
the-legend-of-zelda,The Legend of Zelda,,,CIB,133,147,106,25,12m,2025-11-23,2026-09-30,133,131,99,147,66,330,5,0,2,5,18,,126,2,82.19,116.07,good,median & P70 of 25 sales (12m),2026-09-30 €66 https://www.ebay.com/itm/185913020274; 2026-09-20 €107 https://www.ebay.com/itm/128072120351; 2026-09-11 €99 https://www.ebay.com/itm/267758626185; 2026-08-26 €147 https://www.ebay.com/itm/117366943646; 2026-08-02 €96 PAL-B https://www.ebay.com/itm/407099734477; 2026-07-17 €225 https://www.ebay.com/itm/318142119275; 2026-05-23 €127 PAL-B https://www.ebay.com/itm/198360007815; 2026-05-03 €160 https://www.ebay.com/itm/168319953112; 2026-05-03 €111 https://www.ebay.com/itm/298265232784; 2026-04-26 €85 PAL-B https://www.ebay.com/itm/257469049780; 2026-04-25 €158 PAL-B https://www.ebay.com/itm/168316185523; 2026-04-25 €126 PAL-B https://www.ebay.com/itm/168316159283; 2026-04-16 €147 https://www.ebay.com/itm/318125636086; 2026-04-10 €182 PAL-A https://www.ebay.com/itm/127777111978; 2026-03-18 €159 https://www.ebay.com/itm/177970113526; 2026-02-24 €127 https://www.ebay.com/itm/227221208097; 2026-02-08 €97 https://www.ebay.com/itm/257340075346; 2026-01-31 €80 https://www.ebay.com/itm/366147773160; 2026-01-11 €315 https://www.ebay.com/itm/227155832178; 2026-01-05 €140 https://www.ebay.com/itm/127591169693; 2025-12-23 €140 https://www.ebay.com/itm/157547931069; 2025-12-10 €133 https://www.ebay.com/itm/267504462515; 2025-12-03 €330 PAL-A https://www.ebay.com/itm/357972676230; 2025-11-29 €134 https://www.ebay.com/itm/167855494755; 2025-11-23 €94 https://www.ebay.com/itm/376704546495
metal-gear,Metal Gear,,,CIB,134,146,149,7,12m,2025-10-17,2026-09-22,134,120,83,146,55,239,0,0,2,1,4,,,1,106.38,106.38,ok,median & P70 of 7 sales (12m),2026-09-22 €239 PAL-A https://www.ebay.com/itm/206569740006; 2026-09-20 €100 https://www.ebay.com/itm/128072099634; 2026-08-24 €145 PAL-A https://www.ebay.com/itm/278304461904; 2026-07-30 €55 https://www.ebay.com/itm/298531914360; 2026-03-15 €134 PAL-B https://www.ebay.com/itm/168207955466; 2025-10-21 €153 https://www.ebay.com/itm/236376134735; 2025-10-17 €66 https://www.ebay.com/itm/187639808123
balloon-fight,Balloon Fight,,yes,CIB,129,135,190,7,24m,2024-10-27,2026-07-29,129,126,106,135,58,250,4,3,0,1,6,,,0,,,ok,median & P70 of 7 sales (24m),2026-07-29 €250 https://www.ebay.com/itm/377362590579; 2026-04-29 €129 https://www.ebay.com/itm/267647259541; 2026-01-22 €158 PAL-B https://www.ebay.com/itm/277646822928; 2025-08-05 €117 https://www.ebay.com/itm/326223577258; 2025-06-17 €58 https://www.ebay.com/itm/127171560042; 2025-02-06 €130 https://www.ebay.com/itm/156674803535; 2024-10-27 €96 https://www.ebay.com/itm/226405754752
snake-s-revenge,Snake's Revenge,,,CIB,97,120,85,18,24m,2024-10-11,2026-05-05,97,98,73,120,46,185,1,0,4,3,11,85,171,2,105.95,113.51,ok,median & P70 of 18 sales (24m),2026-05-05 €56 PAL-A https://www.ebay.com/itm/178092808295; 2026-04-29 €58 https://www.ebay.com/itm/267647262319; 2025-12-26 €122 https://www.ebay.com/itm/326793312139; 2025-09-28 €85 https://www.ebay.com/itm/326781708617; 2025-09-21 €86 https://www.ebay.com/itm/197697541859; 2025-08-10 €130 https://www.ebay.com/itm/326716545596; 2025-07-14 €171 PAL-B https://www.ebay.com/itm/325901481059; 2025-07-02 €103 PAL-A https://www.ebay.com/itm/326609785873; 2025-06-08 €68 https://www.ebay.com/itm/167469296752; 2025-05-25 €126 PAL-B https://www.ebay.com/itm/127114278441; 2025-04-02 €100 PAL-A https://www.ebay.com/itm/256859764839; 2025-03-23 €95 https://www.ebay.com/itm/297120304913; 2025-01-28 €92 https://www.ebay.com/itm/256006104178; 2025-01-13 €121 https://www.ebay.com/itm/186880204959; 2024-12-18 €46 https://www.ebay.com/itm/356371645979; 2024-11-29 €185 PAL-B https://www.ebay.com/itm/144886209568; 2024-10-16 €116 https://www.ebay.com/itm/167023454239; 2024-10-11 €70 PAL-A https://www.ebay.com/itm/116353160574
popeye,Popeye,,yes,CIB,97,116,92,15,24m,2024-11-13,2026-08-13,97,103,82,116,38,215,6,1,1,3,11,,104,0,,,ok,median & P70 of 15 sales (24m),2026-08-13 €51 https://www.ebay.com/itm/186846877548; 2026-06-11 €97 https://www.ebay.com/itm/257545742819; 2025-11-30 €92 https://www.ebay.com/itm/157493826154; 2025-11-03 €82 https://www.ebay.com/itm/297715496349; 2025-07-24 €156 https://www.ebay.com/itm/316551927896; 2025-07-06 €83 https://www.ebay.com/itm/116674707079; 2025-03-04 €38 https://www.ebay.com/itm/186377389482; 2025-02-23 €157 https://www.ebay.com/itm/286353339530; 2025-02-16 €117 https://www.ebay.com/itm/396193133805; 2025-02-13 €168 PAL-A https://www.ebay.com/itm/167237375607; 2025-01-24 €112 https://www.ebay.com/itm/146257744267; 2025-01-12 €215 PAL-B https://www.ebay.com/itm/126867941957; 2025-01-10 €83 https://www.ebay.com/itm/326395153166; 2024-12-17 €48 PAL-B https://www.ebay.com/itm/276685619350; 2024-11-13 €104 PAL-B https://www.ebay.com/itm/276685624278
blue-shadow,Blue Shadow,,,CIB,89,111,89,9,12m,2026-01-04,2026-10-04,89,94,78,111,38,159,0,0,3,4,2,79,98,0,,,ok,median & P70 of 9 sales (12m),2026-10-04 €38 PAL-A https://www.ebay.com/itm/407151895338; 2026-09-01 €153 https://www.ebay.com/itm/205654149791; 2026-08-30 €44 PAL-B https://www.ebay.com/itm/137652198599; 2026-06-30 €79 PAL-A https://www.ebay.com/itm/298421694575; 2026-02-28 €89 PAL-A https://www.ebay.com/itm/358252260350; 2026-02-27 €78 PAL-B https://www.ebay.com/itm/187950936640; 2026-02-13 €119 PAL-B https://www.ebay.com/itm/297643851031; 2026-01-20 €99 https://www.ebay.com/itm/236580321489; 2026-01-04 €159 PAL-B https://www.ebay.com/itm/205947034675
knight-rider,Knight Rider,,,CIB,89,110,90,6,12m,2026-01-03,2026-05-20,89,96,79,110,74,207,1,0,3,0,3,127,,0,,,ok,median & P70 of 6 sales (12m),2026-05-20 €207 PAL-A https://www.ebay.com/itm/298059241673; 2026-05-12 €83 https://www.ebay.com/itm/397835754578; 2026-03-17 €78 https://www.ebay.com/itm/389736674145; 2026-02-16 €127 PAL-A https://www.ebay.com/itm/326961858895; 2026-02-08 €74 https://www.ebay.com/itm/127658260915; 2026-01-03 €94 PAL-A https://www.ebay.com/itm/326486501231
zelda-ii-the-adventure-of-link,Zelda II: The Adventure of Link,,,CIB,89,103,80,28,12m,2025-10-15,2026-10-04,89,94,76,103,41,259,1,1,1,3,24,,136,2,59.0,99.0,good,median & P70 of 28 sales (12m),2026-10-04 €71 https://www.ebay.com/itm/137812181554; 2026-09-30 €61 https://www.ebay.com/itm/188554094580; 2026-09-28 €41 https://www.ebay.com/itm/188847859753; 2026-06-21 €96 https://www.ebay.com/itm/188511680032; 2026-06-07 €47 https://www.ebay.com/itm/267685614961; 2026-05-10 €137 https://www.ebay.com/itm/257426075805; 2026-04-29 €83 https://www.ebay.com/itm/267647261406; 2026-04-24 €98 https://www.ebay.com/itm/117147621153; 2026-04-12 €126 PAL-A https://www.ebay.com/itm/147255427287; 2026-04-12 €142 https://www.ebay.com/itm/326858971808; 2026-04-06 €178 PAL-B https://www.ebay.com/itm/287148033737; 2026-04-03 €89 https://www.ebay.com/itm/298190184116; 2026-03-26 €63 https://www.ebay.com/itm/168263455467; 2026-03-22 €84 https://www.ebay.com/itm/127746291904; 2026-02-27 €259 https://www.ebay.com/itm/376978235496; 2026-02-25 €136 PAL-B https://www.ebay.com/itm/277734025322; 2026-02-24 €77 https://www.ebay.com/itm/227221213186; 2026-02-22 €84 https://www.ebay.com/itm/147155299071; 2026-02-08 €81 https://www.ebay.com/itm/257340062853; 2026-02-05 €113 https://www.ebay.com/itm/197031397942; 2026-02-05 €98 https://www.ebay.com/itm/198063566409; 2026-02-03 €88 https://www.ebay.com/itm/297985825640; 2026-01-23 €104 https://www.ebay.com/itm/127631553571; 2026-01-11 €211 https://www.ebay.com/itm/227155833372; 2025-12-21 €74 PAL-B https://www.ebay.com/itm/127565920060; 2025-11-28 €84 https://www.ebay.com/itm/397303192919; 2025-10-25 €65 https://www.ebay.com/itm/146897291717; 2025-10-15 €95 https://www.ebay.com/itm/257147145053
battletoads,Battletoads,,,CIB,87,102,83,12,12m,2025-10-21,2026-09-25,87,93,80,102,49,211,0,0,1,2,9,,,1,176.19,176.19,good,median & P70 of 12 sales (12m),2026-09-25 €82 https://www.ebay.com/itm/198036563846; 2026-09-19 €74 https://www.ebay.com/itm/257733079887; 2026-09-13 €85 PAL-B https://www.ebay.com/itm/257721302584; 2026-04-22 €83 https://www.ebay.com/itm/257429554063; 2026-04-18 €104 https://www.ebay.com/itm/127416471044; 2026-02-14 €63 PAL-A https://www.ebay.com/itm/277527565948; 2026-02-05 €126 PAL-B https://www.ebay.com/itm/277649745660; 2026-01-24 €49 https://www.ebay.com/itm/317786347269; 2025-11-22 €211 https://www.ebay.com/itm/205711666926; 2025-11-15 €125 https://www.ebay.com/itm/297745694670; 2025-11-01 €88 https://www.ebay.com/itm/204387282479; 2025-10-21 €97 https://www.ebay.com/itm/297684534235
donkey-kong,Donkey Kong,,yes,CIB,77,91,123,6,12m,2025-10-25,2026-09-30,77,75,57,91,52,189,15,0,0,1,5,,,0,,,ok,median & P70 of 6 sales (12m),2026-09-30 €89 https://www.ebay.com/itm/800675073968; 2026-03-25 €189 PAL-B https://www.ebay.com/itm/366288046863; 2025-12-09 €52 https://www.ebay.com/itm/277560134300; 2025-11-16 €54 https://www.ebay.com/itm/227067036264; 2025-11-01 €65 https://www.ebay.com/itm/257175101780; 2025-10-25 €93 https://www.ebay.com/itm/146897264374
kid-icarus,Kid Icarus,,,CIB,55,88,85,14,12m,2025-12-02,2026-09-20,55,66,51,88,30,122,0,0,1,2,11,,,1,71.64,71.64,good,median & P70 of 14 sales (12m),2026-09-20 €42 https://www.ebay.com/itm/128072158444; 2026-08-17 €87 PAL-A https://www.ebay.com/itm/287517315684; 2026-07-30 €99 https://www.ebay.com/itm/198266589783; 2026-07-12 €50 https://www.ebay.com/itm/307043732875; 2026-07-08 €122 https://www.ebay.com/itm/227407490709; 2026-07-05 €55 https://www.ebay.com/itm/227407220234; 2026-06-27 €30 https://www.ebay.com/itm/298435700217; 2026-04-10 €53 PAL-B https://www.ebay.com/itm/287260314521; 2026-04-05 €120 PAL-B https://www.ebay.com/itm/137168332837; 2026-02-27 €51 https://www.ebay.com/itm/358265107468; 2026-01-13 €67 https://www.ebay.com/itm/236568094649; 2025-12-23 €56 https://www.ebay.com/itm/157547926737; 2025-12-13 €98 https://www.ebay.com/itm/157397807248; 2025-12-02 €39 https://www.ebay.com/itm/157490110458
mega-man-2,Mega Man 2,,,CIB,51,86,69,21,12m,2025-10-10,2026-09-06,51,64,39,86,25,129,0,2,2,4,15,,34,2,96.52,108.26,good,median & P70 of 21 sales (12m),2026-09-06 €41 https://www.ebay.com/itm/187832892290; 2026-09-02 €69 PAL-A https://www.ebay.com/itm/198610724257; 2026-08-26 €56 https://www.ebay.com/itm/117276874149; 2026-08-23 €114 https://www.ebay.com/itm/206496352599; 2026-07-28 €39 https://www.ebay.com/itm/407093565223; 2026-07-18 €124 https://www.ebay.com/itm/197293587169; 2026-06-26 €47 https://www.ebay.com/itm/257578570121; 2026-06-09 €25 PAL-B https://www.ebay.com/itm/257548405647; 2026-04-23 €129 https://www.ebay.com/itm/397846016290; 2026-01-10 €78 https://www.ebay.com/itm/236562887082; 2025-12-14 €48 https://www.ebay.com/itm/227121156051; 2025-12-08 €51 https://www.ebay.com/itm/257233880334; 2025-11-30 €34 https://www.ebay.com/itm/336309155829; 2025-11-27 €50 https://www.ebay.com/itm/257213779320; 2025-11-16 €86 https://www.ebay.com/itm/227066980527; 2025-11-02 €117 https://www.ebay.com/itm/197805181208; 2025-10-25 €35 PAL-B https://www.ebay.com/itm/286892055710; 2025-10-13 €36 https://www.ebay.com/itm/205774689744; 2025-10-12 €34 PAL-B https://www.ebay.com/itm/286868082458; 2025-10-12 €96 PAL-B https://www.ebay.com/itm/187616974738; 2025-10-10 €115 PAL-A https://www.ebay.com/itm/389062144142
duck-hunt,Duck Hunt,,yes,CIB,71,85,64,9,12m,2025-10-25,2026-09-20,71,69,47,85,37,105,1,0,0,2,7,,,0,,,ok,median & P70 of 9 sales (12m),2026-09-20 €71 https://www.ebay.com/itm/128072153218; 2026-07-20 €37 https://www.ebay.com/itm/227425966571; 2026-06-06 €87 https://www.ebay.com/itm/298031590983; 2026-05-28 €83 PAL-B https://www.ebay.com/itm/156874057489; 2026-05-03 €47 https://www.ebay.com/itm/188102882859; 2026-04-18 €50 https://www.ebay.com/itm/236750965361; 2026-02-09 €42 https://www.ebay.com/itm/358182057268; 2025-11-02 €105 PAL-B https://www.ebay.com/itm/336253938892; 2025-10-25 €100 https://www.ebay.com/itm/306555679416
shadow-warriors,Shadow Warriors,,,CIB,66,80,77,14,12m,2025-11-03,2026-09-01,66,72,59,80,36,133,0,0,2,2,10,,,1,92.95,92.95,good,median & P70 of 14 sales (12m),2026-09-01 €67 https://www.ebay.com/itm/178459484375; 2026-08-16 €107 https://www.ebay.com/itm/265562105549; 2026-07-22 €79 https://www.ebay.com/itm/147438465806; 2026-06-13 €65 https://www.ebay.com/itm/236836280471; 2026-06-12 €54 https://www.ebay.com/itm/147317070862; 2026-06-11 €58 https://www.ebay.com/itm/257545695865; 2026-04-12 €115 PAL-B https://www.ebay.com/itm/287072313110; 2026-04-10 €84 PAL-B https://www.ebay.com/itm/287260421974; 2026-04-03 €61 https://www.ebay.com/itm/406082153670; 2026-03-13 €71 https://www.ebay.com/itm/157741830105; 2026-03-12 €65 PAL-A https://www.ebay.com/itm/127714393288; 2025-12-14 €36 https://www.ebay.com/itm/389332579669; 2025-12-12 €59 https://www.ebay.com/itm/227117089840; 2025-11-03 €133 PAL-A https://www.ebay.com/itm/365960421136
double-dragon-ii-the-revenge,Double Dragon II: The Revenge,,,CIB,65,79,62,10,12m,2026-02-05,2026-09-19,65,67,61,79,31,134,0,0,1,2,7,,,4,50.19,70.0,good,median & P70 of 10 sales (12m),2026-09-19 €31 https://www.ebay.com/itm/128074214475; 2026-06-18 €61 PAL-B https://www.ebay.com/itm/178198166243; 2026-06-18 €82 PAL-A https://www.ebay.com/itm/406997548699; 2026-06-03 €64 https://www.ebay.com/itm/137349445532; 2026-04-21 €89 https://www.ebay.com/itm/177944814935; 2026-04-13 €31 https://www.ebay.com/itm/186108079296; 2026-04-06 €77 https://www.ebay.com/itm/389835169695; 2026-03-08 €66 https://www.ebay.com/itm/366229058795; 2026-02-27 €134 https://www.ebay.com/itm/257285448514; 2026-02-05 €63 PAL-B https://www.ebay.com/itm/277664324312
super-mario-bros-2,Super Mario Bros. 2,,,CIB,62,70,63,27,12m,2026-01-21,2026-10-03,62,57,37,70,20,126,2,1,4,12,11,70,63,7,37.99,97.16,good,median & P70 of 27 sales (12m),2026-10-03 €77 https://www.ebay.com/itm/287538355742; 2026-09-06 €77 PAL-B https://www.ebay.com/itm/307152483949; 2026-08-22 €63 https://www.ebay.com/itm/168609403121; 2026-08-11 €47 https://www.ebay.com/itm/178374313744; 2026-07-25 €51 https://www.ebay.com/itm/297852698772; 2026-07-25 €38 https://www.ebay.com/itm/137524330392; 2026-07-23 €66 PAL-B https://www.ebay.com/itm/287125963640; 2026-07-07 €70 PAL-A https://www.ebay.com/itm/287428593848; 2026-07-01 €20 https://www.ebay.com/itm/306992235098; 2026-06-28 €71 PAL-B https://www.ebay.com/itm/377284123292; 2026-06-14 €28 PAL-B https://www.ebay.com/itm/157970266814; 2026-05-31 €37 PAL-B https://www.ebay.com/itm/168390934641; 2026-04-17 €37 https://www.ebay.com/itm/137171949313; 2026-04-03 €97 PAL-A https://www.ebay.com/itm/127740562482; 2026-03-29 €126 PAL-B https://www.ebay.com/itm/127763882593; 2026-03-21 €76 PAL-B https://www.ebay.com/itm/298108892591; 2026-03-15 €50 PAL-B https://www.ebay.com/itm/157728077032; 2026-03-08 €70 PAL-A https://www.ebay.com/itm/127716570973; 2026-03-06 €26 PAL-A https://www.ebay.com/itm/287168272316; 2026-02-27 €84 https://www.ebay.com/itm/116575519705; 2026-02-13 €22 PAL-B https://www.ebay.com/itm/127673551693; 2026-02-12 €59 https://www.ebay.com/itm/326987165455; 2026-02-07 €26 https://www.ebay.com/itm/187832920768; 2026-02-07 €52 PAL-B https://www.ebay.com/itm/236485384045; 2026-02-06 €63 https://www.ebay.com/itm/187004063246; 2026-02-01 €63 PAL-B https://www.ebay.com/itm/277635297531; 2026-01-21 €62 PAL-B https://www.ebay.com/itm/157523626703
talespin,TaleSpin,,,CIB,59,70,78,11,12m,2025-10-10,2026-07-23,59,67,56,70,36,156,0,1,2,3,6,,73,1,110.0,110.0,good,median & P70 of 11 sales (12m),2026-07-23 €57 PAL-B https://www.ebay.com/itm/168532919957; 2026-05-14 €36 PAL-A https://www.ebay.com/itm/127093795687; 2026-04-12 €59 PAL-A https://www.ebay.com/itm/358412850538; 2026-03-24 €67 https://www.ebay.com/itm/168231897928; 2025-12-28 €110 https://www.ebay.com/itm/236539657494; 2025-12-24 €70 https://www.ebay.com/itm/286945995699; 2025-11-23 €51 https://www.ebay.com/itm/297766622597; 2025-11-17 €55 https://www.ebay.com/itm/196306383276; 2025-10-15 €57 https://www.ebay.com/itm/326819027242; 2025-10-12 €156 PAL-B https://www.ebay.com/itm/187616971516; 2025-10-10 €73 PAL-B https://www.ebay.com/itm/226841359872
super-mario-bros,Super Mario Bros.,,yes,CIB,51,65,69,22,12m,2026-06-29,2026-09-18,51,53,40,65,24,150,7,1,4,0,18,52,,16,35.82,80.59,good,median & P70 of 22 sales (12m),2026-09-18 €47 https://www.ebay.com/itm/128076000261; 2026-09-14 €24 https://www.ebay.com/itm/318847642727; 2026-09-06 €67 https://www.ebay.com/itm/307152471256; 2026-09-03 €100 https://www.ebay.com/itm/800495669203; 2026-08-31 €60 PAL-A https://www.ebay.com/itm/128046239944; 2026-08-26 €73 https://www.ebay.com/itm/336757614488; 2026-08-25 €28 https://www.ebay.com/itm/366613212903; 2026-08-25 €31 https://www.ebay.com/itm/137183536064; 2026-08-17 €32 https://www.ebay.com/itm/158195067061; 2026-08-15 €51 https://www.ebay.com/itm/188762165909; 2026-08-13 €45 PAL-A https://www.ebay.com/itm/407125945523; 2026-08-08 €26 https://www.ebay.com/itm/137574769855; 2026-08-07 €63 https://www.ebay.com/itm/398241833386; 2026-08-07 €112 https://www.ebay.com/itm/800436832063; 2026-08-02 €150 PAL-A https://www.ebay.com/itm/267732917416; 2026-07-30 €40 https://www.ebay.com/itm/198518275301; 2026-07-28 €66 https://www.ebay.com/itm/287418633924; 2026-07-25 €50 https://www.ebay.com/itm/137524359147; 2026-07-21 €54 https://www.ebay.com/itm/336678094616; 2026-07-11 €50 https://www.ebay.com/itm/377335012056; 2026-07-07 €41 PAL-A https://www.ebay.com/itm/287317140943; 2026-06-29 €81 https://www.ebay.com/itm/307018608410
gyromite,Gyromite,,yes,CIB,64,64,67,5,12m,2025-11-02,2026-05-31,64,69,63,,58,100,0,0,0,1,4,,,0,,,thin,median of 5 sales (12m); too few for a P70 uplift,2026-05-31 €81 https://www.ebay.com/itm/227353376017; 2026-05-09 €58 https://www.ebay.com/itm/198266578125; 2026-04-10 €63 PAL-B https://www.ebay.com/itm/127789336696; 2025-11-23 €64 https://www.ebay.com/itm/297766614189; 2025-11-02 €100 https://www.ebay.com/itm/157423761278
double-dragon,Double Dragon,,,CIB,63,63,63,0,none,,,,,,,,,2,0,0,0,0,,,0,,,none,no PAL sales in 36 months: PriceCharting value used for all three,
double-dragon-iii-the-sacred-stones,Double Dragon III: The Sacred Stones,,,CIB,58,62,77,14,12m,2025-10-15,2026-10-07,58,53,35,62,27,101,1,1,4,1,9,59,,2,41.19,74.28,good,median & P70 of 14 sales (12m),2026-10-07 €68 PAL-A https://www.ebay.com/itm/406272042022; 2026-08-16 €27 https://www.ebay.com/itm/158170182887; 2026-07-04 €101 https://www.ebay.com/itm/116924987962; 2026-06-11 €55 PAL-A https://www.ebay.com/itm/318165608170; 2026-05-31 €60 https://www.ebay.com/itm/227356981536; 2026-04-21 €35 PAL-A https://www.ebay.com/itm/236193483561; 2026-04-09 €36 https://www.ebay.com/itm/206072676740; 2026-04-05 €73 https://www.ebay.com/itm/117107163462; 2026-04-05 €60 PAL-B https://www.ebay.com/itm/188219067925; 2026-03-10 €63 https://www.ebay.com/itm/198036565386; 2026-02-17 €62 PAL-A https://www.ebay.com/itm/127407161355; 2026-01-25 €28 https://www.ebay.com/itm/326958234637; 2025-10-20 €31 https://www.ebay.com/itm/257154880073; 2025-10-15 €57 https://www.ebay.com/itm/406274463288
super-mario-bros-3,Super Mario Bros. 3,,,CIB,42,59,55,27,12m,2026-05-24,2026-09-22,42,43,26,59,19,125,1,2,2,3,22,,67,11,8.5,67.02,good,median & P70 of 27 sales (12m),2026-09-22 €125 https://www.ebay.com/itm/237006494731; 2026-09-19 €25 https://www.ebay.com/itm/257733082518; 2026-09-13 €26 https://www.ebay.com/itm/800621837692; 2026-09-06 €57 https://www.ebay.com/itm/198610751071; 2026-09-06 €64 PAL-B https://www.ebay.com/itm/307152492504; 2026-09-04 €87 https://www.ebay.com/itm/198587608187; 2026-08-31 €26 https://www.ebay.com/itm/178437050373; 2026-08-28 €55 PAL-A https://www.ebay.com/itm/366618347597; 2026-08-24 €42 https://www.ebay.com/itm/298596182724; 2026-08-23 €20 https://www.ebay.com/itm/366609014825; 2026-08-22 €58 https://www.ebay.com/itm/137624584756; 2026-07-26 €20 https://www.ebay.com/itm/307072920936; 2026-07-22 €80 https://www.ebay.com/itm/147438467387; 2026-07-22 €61 PAL-A https://www.ebay.com/itm/287426975094; 2026-07-20 €75 PAL-B https://www.ebay.com/itm/318587125121; 2026-07-01 €19 https://www.ebay.com/itm/306992244024; 2026-07-01 €55 https://www.ebay.com/itm/358441527660; 2026-06-30 €25 https://www.ebay.com/itm/185616660603; 2026-06-28 €22 https://www.ebay.com/itm/257579112876; 2026-06-23 €42 https://www.ebay.com/itm/278094300955; 2026-06-22 €27 https://www.ebay.com/itm/158006948789; 2026-06-12 €69 https://www.ebay.com/itm/198266590186; 2026-06-10 €23 https://www.ebay.com/itm/236868329847; 2026-06-07 €27 https://www.ebay.com/itm/377224478223; 2026-06-07 €67 PAL-B https://www.ebay.com/itm/157949389501; 2026-05-26 €36 https://www.ebay.com/itm/188365629813; 2026-05-24 €30 https://www.ebay.com/itm/198345666374
batman-the-video-game,Batman: The Video Game,,,CIB,42,57,47,9,12m,2025-11-10,2026-09-11,42,51,39,57,35,130,0,1,4,0,5,42,,4,38.5,63.97,ok,median & P70 of 9 sales (12m),2026-09-11 €39 https://www.ebay.com/itm/188685540486; 2026-07-22 €49 PAL-A https://www.ebay.com/itm/147438478177; 2026-07-19 €35 PAL-A https://www.ebay.com/itm/298499797820; 2026-06-25 €63 https://www.ebay.com/itm/227390041998; 2026-03-29 €85 https://www.ebay.com/itm/389782998751; 2026-02-09 €35 PAL-A https://www.ebay.com/itm/358182135675; 2026-02-08 €41 https://www.ebay.com/itm/358178506325; 2025-12-23 €42 https://www.ebay.com/itm/197760444136; 2025-11-10 €130 PAL-A https://www.ebay.com/itm/167904776486
pinball,Pinball,,yes,CIB,27,53,31,6,12m,2025-10-28,2026-06-21,27,35,16,53,14,93,0,1,0,0,6,,,0,,,ok,median & P70 of 6 sales (12m),2026-06-21 €14 https://www.ebay.com/itm/188510548541; 2026-06-10 €14 https://www.ebay.com/itm/236868307319; 2026-04-29 €20 https://www.ebay.com/itm/117160773562; 2026-04-23 €34 https://www.ebay.com/itm/147261679251; 2025-11-23 €71 https://www.ebay.com/itm/297766617136; 2025-10-28 €93 https://www.ebay.com/itm/134558283082
terminator-2-judgment-day,Terminator 2: Judgment Day,,,CIB,42,49,39,8,12m,2025-10-28,2026-05-31,42,42,33,49,21,68,0,0,1,2,5,,,0,,,ok,median & P70 of 8 sales (12m),2026-05-31 €28 https://www.ebay.com/itm/267679345884; 2026-04-14 €36 https://www.ebay.com/itm/117125758745; 2026-04-10 €57 PAL-B https://www.ebay.com/itm/287262289086; 2026-03-14 €49 PAL-A https://www.ebay.com/itm/188137788583; 2026-02-20 €68 PAL-B https://www.ebay.com/itm/277647149590; 2026-01-03 €48 https://www.ebay.com/itm/196312665069; 2025-12-04 €35 https://www.ebay.com/itm/406438710915; 2025-10-28 €21 https://www.ebay.com/itm/167544815500
soccer,Soccer,,yes,CIB,41,48,37,9,12m,2025-10-13,2026-08-30,41,42,30,48,17,73,0,2,1,1,7,,,0,,,ok,median & P70 of 9 sales (12m),2026-08-30 €17 https://www.ebay.com/itm/257692791999; 2026-08-03 €50 https://www.ebay.com/itm/227446200010; 2026-06-28 €73 PAL-B https://www.ebay.com/itm/168471256058; 2026-06-19 €20 https://www.ebay.com/itm/127922111061; 2026-06-17 €45 https://www.ebay.com/itm/147380400495; 2026-06-16 €41 https://www.ebay.com/itm/327208028349; 2026-03-01 €37 https://www.ebay.com/itm/287157423077; 2026-01-12 €72 PAL-A https://www.ebay.com/itm/287001223941; 2025-10-13 €30 https://www.ebay.com/itm/336218262421
the-lion-king,The Lion King,,,CIB,46,46,126,4,36m,2024-05-28,2025-08-31,46,43,41,,29,51,24,0,0,2,2,,,1,855.25,855.25,thin,median of 4 sales (36m); too few for a P70 uplift,2025-08-31 €51 PAL-B https://www.ebay.com/itm/187507998308; 2025-03-18 €48 https://www.ebay.com/itm/355739869968; 2024-05-29 €29 https://www.ebay.com/itm/256527006569; 2024-05-28 €45 PAL-B https://www.ebay.com/itm/155348089804
section-z,Section Z,,,CIB,37,45,43,8,24m,2025-01-04,2026-04-26,37,39,31,45,17,57,0,0,0,4,4,,37,1,101.41,101.41,ok,median & P70 of 8 sales (24m),2026-04-26 €57 https://www.ebay.com/itm/298264322980; 2026-03-29 €33 PAL-B https://www.ebay.com/itm/137147954860; 2025-09-28 €32 https://www.ebay.com/itm/197716291763; 2025-06-26 €30 PAL-B https://www.ebay.com/itm/116659549798; 2025-06-20 €41 PAL-B https://www.ebay.com/itm/167576499212; 2025-02-08 €55 https://www.ebay.com/itm/387784251609; 2025-01-29 €17 https://www.ebay.com/itm/256789060165; 2025-01-04 €46 PAL-B https://www.ebay.com/itm/256736887189
wwf-wrestlemania-challenge,WWF WrestleMania Challenge,,,CIB,30,45,34,12,12m,2025-10-15,2026-08-30,30,32,18,45,10,58,1,1,3,2,7,35,,0,,,good,median & P70 of 12 sales (12m),2026-08-30 €35 PAL-A https://www.ebay.com/itm/398308704320; 2026-07-25 €58 https://www.ebay.com/itm/227432935635; 2026-05-14 €18 https://www.ebay.com/itm/389988761337; 2026-05-10 €15 PAL-B https://www.ebay.com/itm/358515382252; 2026-04-19 €10 https://www.ebay.com/itm/187832882516; 2026-04-08 €52 https://www.ebay.com/itm/185883417175; 2026-04-02 €47 PAL-A https://www.ebay.com/itm/284634509165; 2026-03-30 €23 PAL-A https://www.ebay.com/itm/146763798169; 2026-02-28 €41 https://www.ebay.com/itm/236648023761; 2026-02-07 €47 PAL-B https://www.ebay.com/itm/277700056287; 2026-02-06 €25 https://www.ebay.com/itm/196699447731; 2025-10-15 €16 https://www.ebay.com/itm/389068296128
excitebike,Excitebike,,yes,CIB,37,43,45,7,12m,2025-11-06,2026-09-14,37,39,35,43,29,105,1,0,1,1,5,,,0,,,ok,median & P70 of 7 sales (12m),2026-09-14 €47 https://www.ebay.com/itm/128063918260; 2026-06-28 €37 https://www.ebay.com/itm/227394883459; 2026-04-12 €34 PAL-A https://www.ebay.com/itm/157809613952; 2026-04-07 €37 https://www.ebay.com/itm/205722491775; 2026-03-06 €42 PAL-B https://www.ebay.com/itm/277705453632; 2026-01-05 €29 https://www.ebay.com/itm/287041001456; 2025-11-06 €105 https://www.ebay.com/itm/406347457247
defender-of-the-crown,Defender of the Crown,,,CIB,28,41,31,18,12m,2025-10-11,2026-09-06,28,29,16,41,10,79,0,0,1,3,14,,25,0,,,good,median & P70 of 18 sales (12m),2026-09-06 €21 PAL-A https://www.ebay.com/itm/227491461942; 2026-08-12 €72 https://www.ebay.com/itm/325743846455; 2026-06-21 €18 https://www.ebay.com/itm/267698886893; 2026-06-14 €15 https://www.ebay.com/itm/186885871736; 2026-05-31 €15 https://www.ebay.com/itm/267679265795; 2026-05-18 €41 https://www.ebay.com/itm/397328927961; 2026-03-30 €79 https://www.ebay.com/itm/236624684812; 2026-03-29 €41 PAL-B https://www.ebay.com/itm/286939239550; 2026-03-08 €12 PAL-B https://www.ebay.com/itm/358274205430; 2026-02-28 €47 https://www.ebay.com/itm/257124761140; 2026-01-18 €39 https://www.ebay.com/itm/227049543104; 2026-01-03 €36 https://www.ebay.com/itm/197113603245; 2026-01-02 €25 PAL-B https://www.ebay.com/itm/126554190895; 2025-12-30 €43 https://www.ebay.com/itm/365874832940; 2025-12-10 €30 https://www.ebay.com/itm/267461463404; 2025-12-07 €12 https://www.ebay.com/itm/336321087559; 2025-10-19 €27 https://www.ebay.com/itm/397149732028; 2025-10-11 €10 https://www.ebay.com/itm/277378109147
joe-mac-caveman-ninja,Joe & Mac: Caveman Ninja,,,CIB,38,40,46,10,24m,2024-10-24,2026-01-25,38,37,30,40,23,102,2,3,1,0,9,,,1,59.66,59.66,ok,median & P70 of 10 sales (24m),2026-01-25 €23 https://www.ebay.com/itm/326958233246; 2025-11-23 €40 https://www.ebay.com/itm/297766605959; 2025-09-28 €36 https://www.ebay.com/itm/326781773599; 2025-09-15 €37 https://www.ebay.com/itm/186885879440; 2025-08-10 €102 https://www.ebay.com/itm/197586956933; 2025-06-01 €49 https://www.ebay.com/itm/326587919129; 2025-04-13 €28 https://www.ebay.com/itm/256884518942; 2025-03-08 €40 https://www.ebay.com/itm/405477331383; 2025-03-04 €40 PAL-A https://www.ebay.com/itm/226369978181; 2024-10-24 €23 https://www.ebay.com/itm/186502816370
ducktales,DuckTales,,,CIB,33,39,37,29,12m,2025-10-12,2026-09-19,33,34,28,39,12,94,1,0,3,3,23,52,38,5,35.0,67.67,good,median & P70 of 29 sales (12m),2026-09-19 €46 https://www.ebay.com/itm/257733084762; 2026-09-11 €32 https://www.ebay.com/itm/278341799185; 2026-08-30 €42 PAL-B https://www.ebay.com/itm/257693216713; 2026-08-24 €30 https://www.ebay.com/itm/298596168478; 2026-08-16 €27 https://www.ebay.com/itm/278240168106; 2026-08-16 €36 https://www.ebay.com/itm/158170186486; 2026-08-14 €31 https://www.ebay.com/itm/406877106889; 2026-08-02 €29 https://www.ebay.com/itm/267732917736; 2026-07-26 €40 https://www.ebay.com/itm/198518188376; 2026-07-19 €35 https://www.ebay.com/itm/307052621742; 2026-07-18 €20 https://www.ebay.com/itm/187832917446; 2026-05-24 €38 https://www.ebay.com/itm/377191224820; 2026-05-03 €19 https://www.ebay.com/itm/137258902603; 2026-05-02 €94 PAL-A https://www.ebay.com/itm/326411373845; 2026-04-19 €50 https://www.ebay.com/itm/277615333964; 2026-03-27 €37 https://www.ebay.com/itm/336466465774; 2026-03-27 €28 https://www.ebay.com/itm/157688331366; 2026-03-22 €42 https://www.ebay.com/itm/127714502523; 2026-03-17 €52 PAL-A https://www.ebay.com/itm/277636995529; 2026-02-13 €12 PAL-B https://www.ebay.com/itm/127673547915; 2026-02-07 €28 https://www.ebay.com/itm/197292329881; 2026-02-03 €16 https://www.ebay.com/itm/186722492276; 2026-01-29 €45 https://www.ebay.com/itm/389541436239; 2026-01-26 €23 https://www.ebay.com/itm/157627275354; 2026-01-17 €26 https://www.ebay.com/itm/136927465612; 2025-12-25 €66 https://www.ebay.com/itm/168006053687; 2025-12-04 €33 https://www.ebay.com/itm/406438784118; 2025-11-15 €31 PAL-A https://www.ebay.com/itm/116504407161; 2025-10-12 €38 PAL-B https://www.ebay.com/itm/187616970622
chip-n-dale-rescue-rangers,Chip 'n Dale: Rescue Rangers,,,CIB,36,38,38,22,12m,2025-10-25,2026-09-25,36,34,28,38,15,57,3,0,3,1,18,38,,3,65.0,65.79,good,median & P70 of 22 sales (12m),2026-09-25 €15 https://www.ebay.com/itm/206565841343; 2026-09-06 €27 PAL-A https://www.ebay.com/itm/227491465813; 2026-08-23 €46 https://www.ebay.com/itm/168623244717; 2026-08-17 €57 https://www.ebay.com/itm/168608727939; 2026-07-19 €30 PAL-B https://www.ebay.com/itm/307052600206; 2026-07-10 €15 https://www.ebay.com/itm/186722488294; 2026-06-27 €40 https://www.ebay.com/itm/298301814193; 2026-06-10 €42 https://www.ebay.com/itm/318309473784; 2026-05-31 €48 PAL-A https://www.ebay.com/itm/358619378061; 2026-05-24 €34 https://www.ebay.com/itm/377191237052; 2026-04-25 €15 https://www.ebay.com/itm/137237713878; 2026-04-18 €31 https://www.ebay.com/itm/168300149863; 2026-03-24 €38 PAL-A https://www.ebay.com/itm/236695067174; 2026-03-17 €36 https://www.ebay.com/itm/198142777184; 2026-03-15 €41 https://www.ebay.com/itm/187836352482; 2026-01-31 €36 https://www.ebay.com/itm/147108646580; 2026-01-31 €38 https://www.ebay.com/itm/366147763638; 2025-12-24 €36 https://www.ebay.com/itm/306657975554; 2025-11-16 €27 https://www.ebay.com/itm/227066998548; 2025-11-04 €36 https://www.ebay.com/itm/136654655953; 2025-10-28 €36 https://www.ebay.com/itm/297706623425; 2025-10-25 €19 https://www.ebay.com/itm/146897601873
ice-climber,Ice Climber,,yes,CIB,38,38,41,5,12m,2025-12-31,2026-05-08,38,34,23,,18,58,0,1,0,2,3,,,0,,,thin,median of 5 sales (12m); too few for a P70 uplift,2026-05-08 €38 https://www.ebay.com/itm/257484750204; 2026-04-07 €18 https://www.ebay.com/itm/336511021434; 2026-02-18 €42 PAL-B https://www.ebay.com/itm/277702567802; 2026-02-11 €58 https://www.ebay.com/itm/205740471790; 2025-12-31 €23 PAL-B https://www.ebay.com/itm/227150342661
rad-racer,Rad Racer,,,CIB,31,38,23,27,12m,2025-10-17,2026-08-30,31,34,22,38,10,76,0,3,4,5,18,41,73,4,31.19,44.23,good,median & P70 of 27 sales (12m),2026-08-30 €19 PAL-B https://www.ebay.com/itm/257692802648; 2026-08-25 €18 https://www.ebay.com/itm/237014287240; 2026-08-02 €67 PAL-A https://www.ebay.com/itm/168450352099; 2026-07-21 €24 https://www.ebay.com/itm/227427256944; 2026-07-11 €14 https://www.ebay.com/itm/267714929618; 2026-06-25 €36 https://www.ebay.com/itm/168364351217; 2026-06-22 €31 https://www.ebay.com/itm/158006868954; 2026-05-17 €13 PAL-A https://www.ebay.com/itm/157899781069; 2026-04-28 €14 https://www.ebay.com/itm/306815243630; 2026-04-13 €31 https://www.ebay.com/itm/198176694013; 2026-04-10 €73 PAL-B https://www.ebay.com/itm/167951809172; 2026-04-05 €30 https://www.ebay.com/itm/226634367731; 2026-03-29 €73 PAL-B https://www.ebay.com/itm/287141641163; 2026-03-26 €30 https://www.ebay.com/itm/198227055549; 2026-03-24 €47 PAL-A https://www.ebay.com/itm/206110545974; 2026-03-19 €32 https://www.ebay.com/itm/317965611842; 2026-03-01 €33 https://www.ebay.com/itm/287157423401; 2026-02-27 €76 https://www.ebay.com/itm/406504266267; 2026-02-10 €28 https://www.ebay.com/itm/236615983077; 2026-01-24 €34 PAL-A https://www.ebay.com/itm/144813767377; 2026-01-22 €73 PAL-B https://www.ebay.com/itm/326961855602; 2026-01-13 €27 PAL-B https://www.ebay.com/itm/287056926045; 2025-12-25 €70 https://www.ebay.com/itm/168006054269; 2025-12-25 €22 https://www.ebay.com/itm/168006054089; 2025-11-19 €10 https://www.ebay.com/itm/297755924191; 2025-10-17 €22 https://www.ebay.com/itm/187639806249; 2025-10-17 €50 https://www.ebay.com/itm/326811291882
rush-n-attack,Rush'n Attack,,,CIB,32,38,53,7,24m,2024-10-16,2026-08-28,32,35,29,38,28,60,0,1,2,1,4,,,0,,,ok,median & P70 of 7 sales (24m),2026-08-28 €53 https://www.ebay.com/itm/407176499241; 2025-06-29 €60 PAL-B https://www.ebay.com/itm/186851567246; 2025-06-01 €32 https://www.ebay.com/itm/197293578170; 2025-02-03 €28 https://www.ebay.com/itm/186885883467; 2025-01-14 €35 PAL-A https://www.ebay.com/itm/226418409251; 2024-10-17 €29 PAL-A https://www.ebay.com/itm/145932879007; 2024-10-16 €29 https://www.ebay.com/itm/167023472359
nintendo-world-cup,Nintendo World Cup,,,CIB,28,35,15,28,24m,2024-12-13,2026-08-24,28,29,22,35,11,82,0,2,7,5,16,28,35,0,,,ok,median & P70 of 28 sales (24m),2026-08-24 €11 https://www.ebay.com/itm/298596164897; 2026-07-12 €18 https://www.ebay.com/itm/307043723847; 2026-03-04 €24 https://www.ebay.com/itm/127717913007; 2025-09-28 €29 https://www.ebay.com/itm/116789638527; 2025-08-06 €41 https://www.ebay.com/itm/116504012535; 2025-08-02 €47 PAL-B https://www.ebay.com/itm/236175976365; 2025-07-27 €36 PAL-A https://www.ebay.com/itm/205029289422; 2025-07-24 €28 https://www.ebay.com/itm/335358670935; 2025-07-20 €36 PAL-A https://www.ebay.com/itm/135615769695; 2025-07-13 €27 https://www.ebay.com/itm/167625729985; 2025-07-07 €82 PAL-B https://www.ebay.com/itm/286573807057; 2025-06-28 €13 https://www.ebay.com/itm/167352688800; 2025-05-18 €30 PAL-B https://www.ebay.com/itm/187206301699; 2025-05-04 €42 PAL-A https://www.ebay.com/itm/297276386662; 2025-04-27 €35 PAL-B https://www.ebay.com/itm/156900934759; 2025-04-09 €24 PAL-A https://www.ebay.com/itm/388183337478; 2025-03-23 €25 PAL-A https://www.ebay.com/itm/286355237088; 2025-03-17 €53 https://www.ebay.com/itm/205074771718; 2025-02-21 €22 PAL-A https://www.ebay.com/itm/256706138253; 2025-02-17 €23 https://www.ebay.com/itm/356580266416; 2025-02-11 €35 https://www.ebay.com/itm/396157743286; 2025-02-07 €32 https://www.ebay.com/itm/196983981864; 2025-02-01 €28 PAL-A https://www.ebay.com/itm/196969133558; 2025-01-12 €18 PAL-B https://www.ebay.com/itm/387770639713; 2025-01-06 €19 https://www.ebay.com/itm/146304716519; 2025-01-06 €46 https://www.ebay.com/itm/226515952832; 2024-12-27 €14 https://www.ebay.com/itm/176740592232; 2024-12-13 €22 https://www.ebay.com/itm/116349932956
airwolf,Airwolf,,,CIB,30,31,30,6,12m,2025-11-03,2026-07-04,30,30,29,31,28,46,1,1,0,0,6,,,2,15.5,33.5,ok,median & P70 of 6 sales (12m),2026-07-04 €31 https://www.ebay.com/itm/195965510148; 2026-04-09 €28 https://www.ebay.com/itm/236722885618; 2026-03-29 €30 https://www.ebay.com/itm/306837234174; 2026-01-05 €46 https://www.ebay.com/itm/196010529750; 2025-12-13 €31 https://www.ebay.com/itm/116915972525; 2025-11-03 €28 https://www.ebay.com/itm/146923598296
tennis,Tennis,,yes,CIB,22,25,20,17,12m,2025-10-10,2026-09-27,22,21,13,25,8,62,1,2,2,4,11,,14,0,,,good,median & P70 of 17 sales (12m),2026-09-27 €27 PAL-B https://www.ebay.com/itm/168695848833; 2026-09-03 €22 https://www.ebay.com/itm/206527415201; 2026-08-30 €19 PAL-B https://www.ebay.com/itm/257693190505; 2026-08-04 €22 PAL-A https://www.ebay.com/itm/236836264116; 2026-07-31 €16 https://www.ebay.com/itm/188690206236; 2026-06-29 €12 https://www.ebay.com/itm/236406404570; 2026-06-22 €12 https://www.ebay.com/itm/127923220842; 2026-06-21 €8 PAL-B https://www.ebay.com/itm/267698874873; 2026-04-10 €13 https://www.ebay.com/itm/137183158223; 2026-04-06 €62 PAL-A https://www.ebay.com/itm/157797999721; 2026-03-08 €10 PAL-B https://www.ebay.com/itm/127712250158; 2026-02-18 €26 https://www.ebay.com/itm/236630424960; 2026-02-17 €24 https://www.ebay.com/itm/236627964372; 2026-01-03 €36 https://www.ebay.com/itm/197264786610; 2025-11-26 €25 https://www.ebay.com/itm/297775725749; 2025-11-23 €42 https://www.ebay.com/itm/297766596116; 2025-10-10 €14 https://www.ebay.com/itm/236359852241
the-legend-of-zelda--wata-7-5-cib-rev-a,The Legend of Zelda – CIB WATA 7.5 (Rev-A),,,"Graded CIB (WATA 7.5, Rev-A, NTSC)",335,446,461,10,Rev-A 24m auctions + 2026 eBay 7.5,,,,,,,,,,,,,,,,,,,ok,"conservative = median of recent Rev-A-specific auction sales at grade 7.0–8.0 (WATA 7.0 $375 Heritage 29 Jul 2025; CGC 7.5 $200 Heritage 9 Dec 2025; CGC 8.0 $425 Heritage 4 Nov 2025) = $375; good = median of 7 eBay sales of WATA/PSA 7.5 CIB Zelda Apr–Sep 2026 (variant mostly not stated: $340, $380, $450, $500, $530, $600, $740) = $500; PriceCharting column = PC 'Graded CIB' $516.58 (all grades blended, not 7.5-specific). Older Rev-A WATA 7.5 Heritage: $384 (Dec 2022), $690 (Sep 2022), $372 (Aug 2020).",whattheslab.com/nes/the-legend-of-zelda (Heritage/Goldin records); pricecharting.com/game/nes/legend-of-zelda (graded 7.5 sold table)
the-legend-of-zelda--wata-7-0-gold-5screw,The Legend of Zelda (Gold cartridge) – WATA 7.0,,,"Graded cart (WATA 7.0, 5-screw, no MIJ, NTSC)",152,201,,7,nearest grades 2023–2025,,,,,,,,,,,,,,,,,,,thin (no 7.0 sale of this variant),"No WATA 7.0 sale of a 5-screw gold cart found. Nearest graded-cart sales of the 5-screw gold cart: WATA 7.5 $168 (eBay 29 Apr 2024), CGC 7.5 $200 (eBay 6 Nov 2024), CGC 7.5 $252 (Heritage 21 Dec 2023), CGC 8.0 $188 (eBay 30 Nov 2024), CGC 8.0 $280 (Jun 2024), CGC 8.5 $213–$235 (Oct 2024–Jan 2025). Higher WATA grades sold for $700 (9.0, Aug 2025), $799 (9.2, Dec 2025), $1,000 (8.5, Jan 2026). A 7.0 sits below the 7.5s: conservative $170, good $225. PriceCharting has no graded-cart price for this variant.",pricecharting.com/game/nes/legend-of-zelda-5-screw (graded sold table); whattheslab.com (Heritage CGC 7.5/8.5 gold five screw)
